sample,mac_send_s,device_receive_s,device_send_s,mac_receive_s,network_rtt_s,device_minus_mac_s
0,895169.156715333,8458.706537537,8458.706538287,895169.495244875,0.3385287919718394,-886710.6194421919
1,895169.497248208,8458.721644146,8458.721644521,895169.505424583,0.008175999948434765,-886710.779692062
2,895169.50704825,8458.734539901,8458.734540526,895169.518160041,0.011111166011687601,-886710.778063932
3,895169.519724625,8458.743485067,8458.743485442,895169.526504,0.006778999902962823,-886710.779629058
4,895169.52808,8458.752389859,8458.752390109,895169.537178625,0.009098375043322449,-886710.7802393285
5,895169.539108625,8458.765042492,8458.765042867,895169.548671083,0.009562082910633762,-886710.7788471745
6,895169.550528,8458.774505029,8458.774505404,895169.560932916,0.010404541013485868,-886710.7812252415
7,895169.56250875,8458.786204545,8458.786204795,895169.570871416,0.008362416005184059,-886710.780485413
8,895169.572613458,8458.797500564,8458.797500814,895169.58063575,0.008022041934964363,-886710.779123915
9,895169.582573958,8458.808736085,8458.808736335,895169.597258166,0.014683957970191841,-886710.781179852
10,895169.598906833,8458.823507572,8458.823507822,895169.606484791,0.0075777080510306405,-886710.7791881149
11,895169.608193208,8458.835006965,8458.83500734,895169.619672833,0.011479250013508135,-886710.778925868
12,895169.621886375,8458.847556598,8458.847556973,895169.630805791,0.008919040996261174,-886710.7787892974
13,895169.63251425,8458.858517371,8458.858517621,895169.644937125,0.012422625035469537,-886710.7802081916
14,895169.646136333,8458.870198637,8458.870198887,895169.653353875,0.007217292035420542,-886710.7795463421
15,895169.654919833,8458.880393917,8458.880394167,895169.663095916,0.008175833094355767,-886710.7786138325
16,895169.664737291,8458.888574091,8458.888574466,895169.671136,0.0063983339077822166,-886710.779362367
17,895169.672866583,8458.897506508,8458.897506758,895169.680536875,0.007670042048630421,-886710.779195096
18,895169.681986375,8458.906341551,8458.906341801,895169.689867458,0.007880832945375005,-886710.7795852404
19,895169.691224458,8458.915515965,8458.915516215,895169.704814958,0.013590249991466408,-886710.782503618
20,895169.7066915,8458.932340184,8458.932340434,895169.715478541,0.008786790947851841,-886710.7787447115
21,895169.717031458,8458.943170833,8458.943171208,895169.726603916,0.009572082986778696,-886710.7786466666
22,895169.728280125,8458.952501121,8458.952501496,895169.736035958,0.007755458096653456,-886710.779656733
23,895169.737686375,8458.962515027,8458.962515277,895169.745510583,0.007823958005246823,-886710.779083327
24,895169.747128333,8458.973046304,8458.973046554,895169.756702041,0.009573458055456285,-886710.778868758
25,895169.758336583,8458.984575947,8458.984576322,895169.769826041,0.011489082917250926,-886710.7795051774
26,895169.771434916,8459.000975419,8459.000975794,895169.784562583,0.013127292013450642,-886710.7770231429
27,895169.786248708,8459.010616205,8459.010616455,895169.793702125,0.007453166939740186,-886710.7793590864
28,895169.795661791,8459.020165491,8459.020165741,895169.809236291,0.013574249986049836,-886710.782283425
29,895169.810508916,8459.040405302,8459.040405677,895169.825891458,0.015382166924609919,-886710.7777946976
30,895169.827717958,8459.052510939,8459.052511189,895169.836009833,0.008291625012134318,-886710.7793528315
31,895169.839109791,8459.065119697,8459.065119947,895169.84872275,0.00961270899460942,-886710.7787964485
32,895169.850581333,8459.074551359,8459.074551609,895169.857441041,0.006859457997052232,-886710.779459703
33,895169.859030416,8459.083514526,8459.083514776,895169.867554708,0.008524042032149737,-886710.779777911
34,895169.868764333,8459.092158695,8459.092158945,895169.875349041,0.0065844579967233585,-886710.779897867
35,895169.876925541,8459.101705106,8459.101705481,895169.886780916,0.009855000043899054,-886710.780147935
36,895169.888436125,8459.113179249,8459.113179624,895169.896370875,0.007934374940305133,-886710.7792240635
37,895169.897911041,8459.122520662,8459.122520912,895169.911487625,0.01357633393672586,-886710.7821785461
38,895169.913268708,8459.290919469,8459.290919969,895170.076368041,0.16309883294525207,-886710.7038986555
39,895170.078130625,8459.303969597,8459.303969972,895170.088485541,0.010354541100241477,-886710.7793382986
40,895170.090078541,8459.315513365,8459.315513615,895170.098294,0.008215209063564544,-886710.7786727805
41,895170.100414208,8459.325249649,8459.325250024,895170.108433416,0.008018832977541024,-886710.7791739756
42,895170.110076958,8459.335497929,8459.335498304,895170.125538458,0.015461125034562428,-886710.7823095915
43,895170.127385625,8459.352596894,8459.352597144,895170.142698791,0.015312915960748796,-886710.7824451891
44,895170.144612541,8459.368503996,8459.368504371,895170.151571541,0.006958625021070475,-886710.7795878574
45,895170.153174666,8459.378755401,8459.378755776,895170.161468416,0.008293374996355851,-886710.7785659526
46,895170.16306175,8459.387138323,8459.387138573,895170.170827666,0.007765665943225031,-886710.77980626
47,895170.172762583,8459.397631725,8459.397631975,895170.180528958,0.007766124968838994,-886710.7790139206
48,895170.182184791,8459.406515767,8459.406516017,895170.189520958,0.0073359170364710735,-886710.7793369824
49,895170.190948791,8459.417960161,8459.417960411,895170.201716666,0.010767625006337767,-886710.7783724425
50,895170.203426208,8459.428189065,8459.42818944,895170.212523041,0.009096457946725423,-886710.779785372
51,895170.21394275,8459.439938081,8459.439938331,895170.229621291,0.01567829103623808,-886710.7818438145
52,895170.2314895,8459.456818924,8459.456819174,895170.241514583,0.010024832970884745,-886710.7796829925
53,895170.242803333,8459.466511334,8459.466511584,895170.249851666,0.007048083063637023,-886710.7798160405
54,895170.251565708,8459.47653324,8459.47653349,895170.25933275,0.007766792028633063,-886710.778915864
55,895170.26099975,8459.486502022,8459.486502272,895170.270193041,0.009193040956233745,-886710.7790942485
56,895170.271807541,8459.502531373,8459.502531623,895170.286230208,0.014422416979869013,-886710.7764873765
57,895170.287835625,8459.513789643,8459.513789893,895170.307699958,0.01986408297852904,-886710.7839780236
58,895170.309308583,8459.534820572,8459.534820947,895170.31838475,0.009075792015210027,-886710.779025907
59,895170.32005975,8459.544521982,8459.544522357,895170.337582125,0.017521999981909175,-886710.784298768
60,895170.339209625,8459.569486249,8459.569486624,895170.352324083,0.013114082950778538,-886710.7762804176
61,895170.354030166,8459.57855004,8459.578550415,895170.362055458,0.008024916956856032,-886710.7794925845
62,895170.363655208,8459.587522956,8459.587523206,895170.369849333,0.006193874929522281,-886710.7792291895
63,895170.371439041,8459.595507632,8459.595508007,895170.378040666,0.006601250006497139,-886710.779232034
64,895170.379366333,8459.603501183,8459.603501433,895170.386234916,0.00686833303552703,-886710.7792993165
65,895170.387822291,8459.612846096,8459.612846471,895170.396561583,0.008738917040318483,-886710.7793456535
66,895170.398307958,8459.623500496,8459.623500871,895170.406678875,0.00837054194198572,-886710.778992733
67,895170.40815925,8459.632501913,8459.632502163,895170.422320875,0.014161374945615535,-886710.7827380246
68,895170.423960625,8459.649078633,8459.649078883,895170.438456958,0.014496083082121913,-886710.7821300335
69,895170.439610958,8459.907050606,8459.907051231,895170.696900916,0.2572893330689112,-886710.6612050185
70,895170.698517041,8459.922764334,8459.922764834,895170.7063215,0.007803958960721502,-886710.7796546866
71,895170.707953666,8459.932519493,8459.932519993,895170.715272625,0.007318458989175269,-886710.7790934024
72,895170.716845541,8459.941526159,8459.941526659,895170.723844,0.006997958993451903,-886710.7788183616
73,895170.725414375,8459.949519335,8459.94951971,895170.733295833,0.00788108303277113,-886710.7798355815
74,895170.734871958,8459.959189745,8459.959190245,895170.742328791,0.0074563329144439194,-886710.7794103795
75,895170.743918916,8459.968498158,8459.968498533,895170.751205458,0.007286166977792163,-886710.7790638414
76,895170.752756166,8459.976806706,8459.976807081,895170.760260958,0.007504416951633175,-886710.7797016685
77,895170.761492041,8459.989682461,8459.989682711,895170.772379541,0.01088724989858747,-886710.777253205
78,895170.773961166,8459.997641512,8459.997641762,895170.779974291,0.0060128749482828425,-886710.7793260915
79,895170.78152975,8460.005099192,8460.005099442,895170.78829025,0.006760250022125547,-886710.779810683
80,895170.78988575,8460.014492855,8460.014493105,895170.802214958,0.012328957966019516,-886710.781557374
81,895170.803773375,8460.029759838,8460.029760213,895170.812321083,0.008547333043679828,-886710.7782872035
82,895170.813882666,8460.039642496,8460.039642746,895170.824646833,0.010763916945506935,-886710.7796221285
83,895170.826228666,8460.050682393,8460.050682768,895170.834702583,0.008473542027786607,-886710.779783044
84,895170.8362835,8460.060396302,8460.060396552,895170.844474541,0.008190791066226666,-886710.7799825935
85,895170.846052833,8460.070939704,8460.070939954,895170.854832708,0.008779625002716784,-886710.7795029415
86,895170.856434375,8460.08154573,8460.081546105,895170.864412125,0.007977374918482383,-886710.7788773326
87,895170.865968708,8460.090517397,8460.090517647,895170.873325541,0.007356583084401791,-886710.7791296025
88,895170.874953833,8460.099508438,8460.099508813,895170.882233833,0.007279625018782099,-886710.7790852075
89,895170.88337075,8460.107515739,8460.107516114,895170.891274666,0.007903540947154397,-886710.7798067814
90,895170.893022791,8460.119010257,8460.119010507,895170.907310041,0.01428699999996752,-886710.781156034
91,895170.908913,8460.134830734,8460.134830984,895170.917926833,0.009013583012347226,-886710.7785890575
92,895170.9204545,8460.145602134,8460.145602509,895170.930853791,0.010398915943369502,-886710.7800518239
93,895170.932495958,8460.156528032,8460.156528282,895170.940058875,0.007562666958619957,-886710.7797492596
94,895170.941773333,8460.166810936,8460.166811311,895170.951306208,0.00953250003112771,-886710.7797286471
95,895170.953101583,8460.177523962,8460.177524212,895170.960207833,0.007105999919076567,-886710.779130621
96,895170.9617815,8460.520308144,8460.520308519,895171.309910708,0.34812883296581276,-886710.6155377724
97,895171.311663416,8460.538085603,8460.538085978,895171.322519416,0.010855625008844072,-886710.7790056255
98,895171.324117416,8460.548528881,8460.548529131,895171.332435875,0.008318208916534786,-886710.7797476395
99,895171.336291625,8460.56153101,8460.56153126,895171.344418291,0.008126415954393451,-886710.778823823
