name,x,y,width,height
p_800_250,797,247,7,7
p_800_260,797,257,7,7
p_800_270,797,267,7,7
p_800_280,797,277,7,7
p_800_290,797,287,7,7
p_800_300,797,297,7,7
p_800_310,797,307,7,7
p_800_320,797,317,7,7
p_800_330,797,327,7,7
p_800_340,797,337,7,7
p_800_350,797,347,7,7
p_800_360,797,357,7,7
p_800_370,797,367,7,7
p_800_380,797,377,7,7
p_800_390,797,387,7,7
p_800_400,797,397,7,7
p_800_410,797,407,7,7
p_800_420,797,417,7,7
p_800_430,797,427,7,7
p_800_440,797,437,7,7
p_800_450,797,447,7,7
p_800_460,797,457,7,7
p_800_470,797,467,7,7
p_800_480,797,477,7,7
p_800_490,797,487,7,7
p_800_500,797,497,7,7
p_800_510,797,507,7,7
p_800_520,797,517,7,7
p_800_530,797,527,7,7
p_800_540,797,537,7,7
p_800_550,797,547,7,7
p_800_560,797,557,7,7
p_800_570,797,567,7,7
p_800_580,797,577,7,7
p_800_590,797,587,7,7
p_800_600,797,597,7,7
p_800_610,797,607,7,7
p_800_620,797,617,7,7
p_800_630,797,627,7,7
p_800_640,797,637,7,7
p_800_650,797,647,7,7
p_800_660,797,657,7,7
p_800_670,797,667,7,7
p_800_680,797,677,7,7
p_800_690,797,687,7,7
p_800_700,797,697,7,7
p_800_710,797,707,7,7
p_800_720,797,717,7,7
p_800_730,797,727,7,7
p_800_740,797,737,7,7
p_800_750,797,747,7,7
p_810_250,807,247,7,7
p_810_260,807,257,7,7
p_810_270,807,267,7,7
p_810_280,807,277,7,7
p_810_290,807,287,7,7
p_810_300,807,297,7,7
p_810_310,807,307,7,7
p_810_320,807,317,7,7
p_810_330,807,327,7,7
p_810_340,807,337,7,7
p_810_350,807,347,7,7
p_810_360,807,357,7,7
p_810_370,807,367,7,7
p_810_380,807,377,7,7
p_810_390,807,387,7,7
p_810_400,807,397,7,7
p_810_410,807,407,7,7
p_810_420,807,417,7,7
p_810_430,807,427,7,7
p_810_440,807,437,7,7
p_810_450,807,447,7,7
p_810_460,807,457,7,7
p_810_470,807,467,7,7
p_810_480,807,477,7,7
p_810_490,807,487,7,7
p_810_500,807,497,7,7
p_810_510,807,507,7,7
p_810_520,807,517,7,7
p_810_530,807,527,7,7
p_810_540,807,537,7,7
p_810_550,807,547,7,7
p_810_560,807,557,7,7
p_810_570,807,567,7,7
p_810_580,807,577,7,7
p_810_590,807,587,7,7
p_810_600,807,597,7,7
p_810_610,807,607,7,7
p_810_620,807,617,7,7
p_810_630,807,627,7,7
p_810_640,807,637,7,7
p_810_650,807,647,7,7
p_810_660,807,657,7,7
p_810_670,807,667,7,7
p_810_680,807,677,7,7
p_810_690,807,687,7,7
p_810_700,807,697,7,7
p_810_710,807,707,7,7
p_810_720,807,717,7,7
p_810_730,807,727,7,7
p_810_740,807,737,7,7
p_810_750,807,747,7,7
p_820_250,817,247,7,7
p_820_260,817,257,7,7
p_820_270,817,267,7,7
p_820_280,817,277,7,7
p_820_290,817,287,7,7
p_820_300,817,297,7,7
p_820_310,817,307,7,7
p_820_320,817,317,7,7
p_820_330,817,327,7,7
p_820_340,817,337,7,7
p_820_350,817,347,7,7
p_820_360,817,357,7,7
p_820_370,817,367,7,7
p_820_380,817,377,7,7
p_820_390,817,387,7,7
p_820_400,817,397,7,7
p_820_410,817,407,7,7
p_820_420,817,417,7,7
p_820_430,817,427,7,7
p_820_440,817,437,7,7
p_820_450,817,447,7,7
p_820_460,817,457,7,7
p_820_470,817,467,7,7
p_820_480,817,477,7,7
p_820_490,817,487,7,7
p_820_500,817,497,7,7
p_820_510,817,507,7,7
p_820_520,817,517,7,7
p_820_530,817,527,7,7
p_820_540,817,537,7,7
p_820_550,817,547,7,7
p_820_560,817,557,7,7
p_820_570,817,567,7,7
p_820_580,817,577,7,7
p_820_590,817,587,7,7
p_820_600,817,597,7,7
p_820_610,817,607,7,7
p_820_620,817,617,7,7
p_820_630,817,627,7,7
p_820_640,817,637,7,7
p_820_650,817,647,7,7
p_820_660,817,657,7,7
p_820_670,817,667,7,7
p_820_680,817,677,7,7
p_820_690,817,687,7,7
p_820_700,817,697,7,7
p_820_710,817,707,7,7
p_820_720,817,717,7,7
p_820_730,817,727,7,7
p_820_740,817,737,7,7
p_820_750,817,747,7,7
p_830_250,827,247,7,7
p_830_260,827,257,7,7
p_830_270,827,267,7,7
p_830_280,827,277,7,7
p_830_290,827,287,7,7
p_830_300,827,297,7,7
p_830_310,827,307,7,7
p_830_320,827,317,7,7
p_830_330,827,327,7,7
p_830_340,827,337,7,7
p_830_350,827,347,7,7
p_830_360,827,357,7,7
p_830_370,827,367,7,7
p_830_380,827,377,7,7
p_830_390,827,387,7,7
p_830_400,827,397,7,7
p_830_410,827,407,7,7
p_830_420,827,417,7,7
p_830_430,827,427,7,7
p_830_440,827,437,7,7
p_830_450,827,447,7,7
p_830_460,827,457,7,7
p_830_470,827,467,7,7
p_830_480,827,477,7,7
p_830_490,827,487,7,7
p_830_500,827,497,7,7
p_830_510,827,507,7,7
p_830_520,827,517,7,7
p_830_530,827,527,7,7
p_830_540,827,537,7,7
p_830_550,827,547,7,7
p_830_560,827,557,7,7
p_830_570,827,567,7,7
p_830_580,827,577,7,7
p_830_590,827,587,7,7
p_830_600,827,597,7,7
p_830_610,827,607,7,7
p_830_620,827,617,7,7
p_830_630,827,627,7,7
p_830_640,827,637,7,7
p_830_650,827,647,7,7
p_830_660,827,657,7,7
p_830_670,827,667,7,7
p_830_680,827,677,7,7
p_830_690,827,687,7,7
p_830_700,827,697,7,7
p_830_710,827,707,7,7
p_830_720,827,717,7,7
p_830_730,827,727,7,7
p_830_740,827,737,7,7
p_830_750,827,747,7,7
p_840_250,837,247,7,7
p_840_260,837,257,7,7
p_840_270,837,267,7,7
p_840_280,837,277,7,7
p_840_290,837,287,7,7
p_840_300,837,297,7,7
p_840_310,837,307,7,7
p_840_320,837,317,7,7
p_840_330,837,327,7,7
p_840_340,837,337,7,7
p_840_350,837,347,7,7
p_840_360,837,357,7,7
p_840_370,837,367,7,7
p_840_380,837,377,7,7
p_840_390,837,387,7,7
p_840_400,837,397,7,7
p_840_410,837,407,7,7
p_840_420,837,417,7,7
p_840_430,837,427,7,7
p_840_440,837,437,7,7
p_840_450,837,447,7,7
p_840_460,837,457,7,7
p_840_470,837,467,7,7
p_840_480,837,477,7,7
p_840_490,837,487,7,7
p_840_500,837,497,7,7
p_840_510,837,507,7,7
p_840_520,837,517,7,7
p_840_530,837,527,7,7
p_840_540,837,537,7,7
p_840_550,837,547,7,7
p_840_560,837,557,7,7
p_840_570,837,567,7,7
p_840_580,837,577,7,7
p_840_590,837,587,7,7
p_840_600,837,597,7,7
p_840_610,837,607,7,7
p_840_620,837,617,7,7
p_840_630,837,627,7,7
p_840_640,837,637,7,7
p_840_650,837,647,7,7
p_840_660,837,657,7,7
p_840_670,837,667,7,7
p_840_680,837,677,7,7
p_840_690,837,687,7,7
p_840_700,837,697,7,7
p_840_710,837,707,7,7
p_840_720,837,717,7,7
p_840_730,837,727,7,7
p_840_740,837,737,7,7
p_840_750,837,747,7,7
p_850_250,847,247,7,7
p_850_260,847,257,7,7
p_850_270,847,267,7,7
p_850_280,847,277,7,7
p_850_290,847,287,7,7
p_850_300,847,297,7,7
p_850_310,847,307,7,7
p_850_320,847,317,7,7
p_850_330,847,327,7,7
p_850_340,847,337,7,7
p_850_350,847,347,7,7
p_850_360,847,357,7,7
p_850_370,847,367,7,7
p_850_380,847,377,7,7
p_850_390,847,387,7,7
p_850_400,847,397,7,7
p_850_410,847,407,7,7
p_850_420,847,417,7,7
p_850_430,847,427,7,7
p_850_440,847,437,7,7
p_850_450,847,447,7,7
p_850_460,847,457,7,7
p_850_470,847,467,7,7
p_850_480,847,477,7,7
p_850_490,847,487,7,7
p_850_500,847,497,7,7
p_850_510,847,507,7,7
p_850_520,847,517,7,7
p_850_530,847,527,7,7
p_850_540,847,537,7,7
p_850_550,847,547,7,7
p_850_560,847,557,7,7
p_850_570,847,567,7,7
p_850_580,847,577,7,7
p_850_590,847,587,7,7
p_850_600,847,597,7,7
p_850_610,847,607,7,7
p_850_620,847,617,7,7
p_850_630,847,627,7,7
p_850_640,847,637,7,7
p_850_650,847,647,7,7
p_850_660,847,657,7,7
p_850_670,847,667,7,7
p_850_680,847,677,7,7
p_850_690,847,687,7,7
p_850_700,847,697,7,7
p_850_710,847,707,7,7
p_850_720,847,717,7,7
p_850_730,847,727,7,7
p_850_740,847,737,7,7
p_850_750,847,747,7,7
p_860_250,857,247,7,7
p_860_260,857,257,7,7
p_860_270,857,267,7,7
p_860_280,857,277,7,7
p_860_290,857,287,7,7
p_860_300,857,297,7,7
p_860_310,857,307,7,7
p_860_320,857,317,7,7
p_860_330,857,327,7,7
p_860_340,857,337,7,7
p_860_350,857,347,7,7
p_860_360,857,357,7,7
p_860_370,857,367,7,7
p_860_380,857,377,7,7
p_860_390,857,387,7,7
p_860_400,857,397,7,7
p_860_410,857,407,7,7
p_860_420,857,417,7,7
p_860_430,857,427,7,7
p_860_440,857,437,7,7
p_860_450,857,447,7,7
p_860_460,857,457,7,7
p_860_470,857,467,7,7
p_860_480,857,477,7,7
p_860_490,857,487,7,7
p_860_500,857,497,7,7
p_860_510,857,507,7,7
p_860_520,857,517,7,7
p_860_530,857,527,7,7
p_860_540,857,537,7,7
p_860_550,857,547,7,7
p_860_560,857,557,7,7
p_860_570,857,567,7,7
p_860_580,857,577,7,7
p_860_590,857,587,7,7
p_860_600,857,597,7,7
p_860_610,857,607,7,7
p_860_620,857,617,7,7
p_860_630,857,627,7,7
p_860_640,857,637,7,7
p_860_650,857,647,7,7
p_860_660,857,657,7,7
p_860_670,857,667,7,7
p_860_680,857,677,7,7
p_860_690,857,687,7,7
p_860_700,857,697,7,7
p_860_710,857,707,7,7
p_860_720,857,717,7,7
p_860_730,857,727,7,7
p_860_740,857,737,7,7
p_860_750,857,747,7,7
p_870_250,867,247,7,7
p_870_260,867,257,7,7
p_870_270,867,267,7,7
p_870_280,867,277,7,7
p_870_290,867,287,7,7
p_870_300,867,297,7,7
p_870_310,867,307,7,7
p_870_320,867,317,7,7
p_870_330,867,327,7,7
p_870_340,867,337,7,7
p_870_350,867,347,7,7
p_870_360,867,357,7,7
p_870_370,867,367,7,7
p_870_380,867,377,7,7
p_870_390,867,387,7,7
p_870_400,867,397,7,7
p_870_410,867,407,7,7
p_870_420,867,417,7,7
p_870_430,867,427,7,7
p_870_440,867,437,7,7
p_870_450,867,447,7,7
p_870_460,867,457,7,7
p_870_470,867,467,7,7
p_870_480,867,477,7,7
p_870_490,867,487,7,7
p_870_500,867,497,7,7
p_870_510,867,507,7,7
p_870_520,867,517,7,7
p_870_530,867,527,7,7
p_870_540,867,537,7,7
p_870_550,867,547,7,7
p_870_560,867,557,7,7
p_870_570,867,567,7,7
p_870_580,867,577,7,7
p_870_590,867,587,7,7
p_870_600,867,597,7,7
p_870_610,867,607,7,7
p_870_620,867,617,7,7
p_870_630,867,627,7,7
p_870_640,867,637,7,7
p_870_650,867,647,7,7
p_870_660,867,657,7,7
p_870_670,867,667,7,7
p_870_680,867,677,7,7
p_870_690,867,687,7,7
p_870_700,867,697,7,7
p_870_710,867,707,7,7
p_870_720,867,717,7,7
p_870_730,867,727,7,7
p_870_740,867,737,7,7
p_870_750,867,747,7,7
p_880_250,877,247,7,7
p_880_260,877,257,7,7
p_880_270,877,267,7,7
p_880_280,877,277,7,7
p_880_290,877,287,7,7
p_880_300,877,297,7,7
p_880_310,877,307,7,7
p_880_320,877,317,7,7
p_880_330,877,327,7,7
p_880_340,877,337,7,7
p_880_350,877,347,7,7
p_880_360,877,357,7,7
p_880_370,877,367,7,7
p_880_380,877,377,7,7
p_880_390,877,387,7,7
p_880_400,877,397,7,7
p_880_410,877,407,7,7
p_880_420,877,417,7,7
p_880_430,877,427,7,7
p_880_440,877,437,7,7
p_880_450,877,447,7,7
p_880_460,877,457,7,7
p_880_470,877,467,7,7
p_880_480,877,477,7,7
p_880_490,877,487,7,7
p_880_500,877,497,7,7
p_880_510,877,507,7,7
p_880_520,877,517,7,7
p_880_530,877,527,7,7
p_880_540,877,537,7,7
p_880_550,877,547,7,7
p_880_560,877,557,7,7
p_880_570,877,567,7,7
p_880_580,877,577,7,7
p_880_590,877,587,7,7
p_880_600,877,597,7,7
p_880_610,877,607,7,7
p_880_620,877,617,7,7
p_880_630,877,627,7,7
p_880_640,877,637,7,7
p_880_650,877,647,7,7
p_880_660,877,657,7,7
p_880_670,877,667,7,7
p_880_680,877,677,7,7
p_880_690,877,687,7,7
p_880_700,877,697,7,7
p_880_710,877,707,7,7
p_880_720,877,717,7,7
p_880_730,877,727,7,7
p_880_740,877,737,7,7
p_880_750,877,747,7,7
p_890_250,887,247,7,7
p_890_260,887,257,7,7
p_890_270,887,267,7,7
p_890_280,887,277,7,7
p_890_290,887,287,7,7
p_890_300,887,297,7,7
p_890_310,887,307,7,7
p_890_320,887,317,7,7
p_890_330,887,327,7,7
p_890_340,887,337,7,7
p_890_350,887,347,7,7
p_890_360,887,357,7,7
p_890_370,887,367,7,7
p_890_380,887,377,7,7
p_890_390,887,387,7,7
p_890_400,887,397,7,7
p_890_410,887,407,7,7
p_890_420,887,417,7,7
p_890_430,887,427,7,7
p_890_440,887,437,7,7
p_890_450,887,447,7,7
p_890_460,887,457,7,7
p_890_470,887,467,7,7
p_890_480,887,477,7,7
p_890_490,887,487,7,7
p_890_500,887,497,7,7
p_890_510,887,507,7,7
p_890_520,887,517,7,7
p_890_530,887,527,7,7
p_890_540,887,537,7,7
p_890_550,887,547,7,7
p_890_560,887,557,7,7
p_890_570,887,567,7,7
p_890_580,887,577,7,7
p_890_590,887,587,7,7
p_890_600,887,597,7,7
p_890_610,887,607,7,7
p_890_620,887,617,7,7
p_890_630,887,627,7,7
p_890_640,887,637,7,7
p_890_650,887,647,7,7
p_890_660,887,657,7,7
p_890_670,887,667,7,7
p_890_680,887,677,7,7
p_890_690,887,687,7,7
p_890_700,887,697,7,7
p_890_710,887,707,7,7
p_890_720,887,717,7,7
p_890_730,887,727,7,7
p_890_740,887,737,7,7
p_890_750,887,747,7,7
p_900_250,897,247,7,7
p_900_260,897,257,7,7
p_900_270,897,267,7,7
p_900_280,897,277,7,7
p_900_290,897,287,7,7
p_900_300,897,297,7,7
p_900_310,897,307,7,7
p_900_320,897,317,7,7
p_900_330,897,327,7,7
p_900_340,897,337,7,7
p_900_350,897,347,7,7
p_900_360,897,357,7,7
p_900_370,897,367,7,7
p_900_380,897,377,7,7
p_900_390,897,387,7,7
p_900_400,897,397,7,7
p_900_410,897,407,7,7
p_900_420,897,417,7,7
p_900_430,897,427,7,7
p_900_440,897,437,7,7
p_900_450,897,447,7,7
p_900_460,897,457,7,7
p_900_470,897,467,7,7
p_900_480,897,477,7,7
p_900_490,897,487,7,7
p_900_500,897,497,7,7
p_900_510,897,507,7,7
p_900_520,897,517,7,7
p_900_530,897,527,7,7
p_900_540,897,537,7,7
p_900_550,897,547,7,7
p_900_560,897,557,7,7
p_900_570,897,567,7,7
p_900_580,897,577,7,7
p_900_590,897,587,7,7
p_900_600,897,597,7,7
p_900_610,897,607,7,7
p_900_620,897,617,7,7
p_900_630,897,627,7,7
p_900_640,897,637,7,7
p_900_650,897,647,7,7
p_900_660,897,657,7,7
p_900_670,897,667,7,7
p_900_680,897,677,7,7
p_900_690,897,687,7,7
p_900_700,897,697,7,7
p_900_710,897,707,7,7
p_900_720,897,717,7,7
p_900_730,897,727,7,7
p_900_740,897,737,7,7
p_900_750,897,747,7,7
p_910_250,907,247,7,7
p_910_260,907,257,7,7
p_910_270,907,267,7,7
p_910_280,907,277,7,7
p_910_290,907,287,7,7
p_910_300,907,297,7,7
p_910_310,907,307,7,7
p_910_320,907,317,7,7
p_910_330,907,327,7,7
p_910_340,907,337,7,7
p_910_350,907,347,7,7
p_910_360,907,357,7,7
p_910_370,907,367,7,7
p_910_380,907,377,7,7
p_910_390,907,387,7,7
p_910_400,907,397,7,7
p_910_410,907,407,7,7
p_910_420,907,417,7,7
p_910_430,907,427,7,7
p_910_440,907,437,7,7
p_910_450,907,447,7,7
p_910_460,907,457,7,7
p_910_470,907,467,7,7
p_910_480,907,477,7,7
p_910_490,907,487,7,7
p_910_500,907,497,7,7
p_910_510,907,507,7,7
p_910_520,907,517,7,7
p_910_530,907,527,7,7
p_910_540,907,537,7,7
p_910_550,907,547,7,7
p_910_560,907,557,7,7
p_910_570,907,567,7,7
p_910_580,907,577,7,7
p_910_590,907,587,7,7
p_910_600,907,597,7,7
p_910_610,907,607,7,7
p_910_620,907,617,7,7
p_910_630,907,627,7,7
p_910_640,907,637,7,7
p_910_650,907,647,7,7
p_910_660,907,657,7,7
p_910_670,907,667,7,7
p_910_680,907,677,7,7
p_910_690,907,687,7,7
p_910_700,907,697,7,7
p_910_710,907,707,7,7
p_910_720,907,717,7,7
p_910_730,907,727,7,7
p_910_740,907,737,7,7
p_910_750,907,747,7,7
p_920_250,917,247,7,7
p_920_260,917,257,7,7
p_920_270,917,267,7,7
p_920_280,917,277,7,7
p_920_290,917,287,7,7
p_920_300,917,297,7,7
p_920_310,917,307,7,7
p_920_320,917,317,7,7
p_920_330,917,327,7,7
p_920_340,917,337,7,7
p_920_350,917,347,7,7
p_920_360,917,357,7,7
p_920_370,917,367,7,7
p_920_380,917,377,7,7
p_920_390,917,387,7,7
p_920_400,917,397,7,7
p_920_410,917,407,7,7
p_920_420,917,417,7,7
p_920_430,917,427,7,7
p_920_440,917,437,7,7
p_920_450,917,447,7,7
p_920_460,917,457,7,7
p_920_470,917,467,7,7
p_920_480,917,477,7,7
p_920_490,917,487,7,7
p_920_500,917,497,7,7
p_920_510,917,507,7,7
p_920_520,917,517,7,7
p_920_530,917,527,7,7
p_920_540,917,537,7,7
p_920_550,917,547,7,7
p_920_560,917,557,7,7
p_920_570,917,567,7,7
p_920_580,917,577,7,7
p_920_590,917,587,7,7
p_920_600,917,597,7,7
p_920_610,917,607,7,7
p_920_620,917,617,7,7
p_920_630,917,627,7,7
p_920_640,917,637,7,7
p_920_650,917,647,7,7
p_920_660,917,657,7,7
p_920_670,917,667,7,7
p_920_680,917,677,7,7
p_920_690,917,687,7,7
p_920_700,917,697,7,7
p_920_710,917,707,7,7
p_920_720,917,717,7,7
p_920_730,917,727,7,7
p_920_740,917,737,7,7
p_920_750,917,747,7,7
p_930_250,927,247,7,7
p_930_260,927,257,7,7
p_930_270,927,267,7,7
p_930_280,927,277,7,7
p_930_290,927,287,7,7
p_930_300,927,297,7,7
p_930_310,927,307,7,7
p_930_320,927,317,7,7
p_930_330,927,327,7,7
p_930_340,927,337,7,7
p_930_350,927,347,7,7
p_930_360,927,357,7,7
p_930_370,927,367,7,7
p_930_380,927,377,7,7
p_930_390,927,387,7,7
p_930_400,927,397,7,7
p_930_410,927,407,7,7
p_930_420,927,417,7,7
p_930_430,927,427,7,7
p_930_440,927,437,7,7
p_930_450,927,447,7,7
p_930_460,927,457,7,7
p_930_470,927,467,7,7
p_930_480,927,477,7,7
p_930_490,927,487,7,7
p_930_500,927,497,7,7
p_930_510,927,507,7,7
p_930_520,927,517,7,7
p_930_530,927,527,7,7
p_930_540,927,537,7,7
p_930_550,927,547,7,7
p_930_560,927,557,7,7
p_930_570,927,567,7,7
p_930_580,927,577,7,7
p_930_590,927,587,7,7
p_930_600,927,597,7,7
p_930_610,927,607,7,7
p_930_620,927,617,7,7
p_930_630,927,627,7,7
p_930_640,927,637,7,7
p_930_650,927,647,7,7
p_930_660,927,657,7,7
p_930_670,927,667,7,7
p_930_680,927,677,7,7
p_930_690,927,687,7,7
p_930_700,927,697,7,7
p_930_710,927,707,7,7
p_930_720,927,717,7,7
p_930_730,927,727,7,7
p_930_740,927,737,7,7
p_930_750,927,747,7,7
p_940_250,937,247,7,7
p_940_260,937,257,7,7
p_940_270,937,267,7,7
p_940_280,937,277,7,7
p_940_290,937,287,7,7
p_940_300,937,297,7,7
p_940_310,937,307,7,7
p_940_320,937,317,7,7
p_940_330,937,327,7,7
p_940_340,937,337,7,7
p_940_350,937,347,7,7
p_940_360,937,357,7,7
p_940_370,937,367,7,7
p_940_380,937,377,7,7
p_940_390,937,387,7,7
p_940_400,937,397,7,7
p_940_410,937,407,7,7
p_940_420,937,417,7,7
p_940_430,937,427,7,7
p_940_440,937,437,7,7
p_940_450,937,447,7,7
p_940_460,937,457,7,7
p_940_470,937,467,7,7
p_940_480,937,477,7,7
p_940_490,937,487,7,7
p_940_500,937,497,7,7
p_940_510,937,507,7,7
p_940_520,937,517,7,7
p_940_530,937,527,7,7
p_940_540,937,537,7,7
p_940_550,937,547,7,7
p_940_560,937,557,7,7
p_940_570,937,567,7,7
p_940_580,937,577,7,7
p_940_590,937,587,7,7
p_940_600,937,597,7,7
p_940_610,937,607,7,7
p_940_620,937,617,7,7
p_940_630,937,627,7,7
p_940_640,937,637,7,7
p_940_650,937,647,7,7
p_940_660,937,657,7,7
p_940_670,937,667,7,7
p_940_680,937,677,7,7
p_940_690,937,687,7,7
p_940_700,937,697,7,7
p_940_710,937,707,7,7
p_940_720,937,717,7,7
p_940_730,937,727,7,7
p_940_740,937,737,7,7
p_940_750,937,747,7,7
p_950_250,947,247,7,7
p_950_260,947,257,7,7
p_950_270,947,267,7,7
p_950_280,947,277,7,7
p_950_290,947,287,7,7
p_950_300,947,297,7,7
p_950_310,947,307,7,7
p_950_320,947,317,7,7
p_950_330,947,327,7,7
p_950_340,947,337,7,7
p_950_350,947,347,7,7
p_950_360,947,357,7,7
p_950_370,947,367,7,7
p_950_380,947,377,7,7
p_950_390,947,387,7,7
p_950_400,947,397,7,7
p_950_410,947,407,7,7
p_950_420,947,417,7,7
p_950_430,947,427,7,7
p_950_440,947,437,7,7
p_950_450,947,447,7,7
p_950_460,947,457,7,7
p_950_470,947,467,7,7
p_950_480,947,477,7,7
p_950_490,947,487,7,7
p_950_500,947,497,7,7
p_950_510,947,507,7,7
p_950_520,947,517,7,7
p_950_530,947,527,7,7
p_950_540,947,537,7,7
p_950_550,947,547,7,7
p_950_560,947,557,7,7
p_950_570,947,567,7,7
p_950_580,947,577,7,7
p_950_590,947,587,7,7
p_950_600,947,597,7,7
p_950_610,947,607,7,7
p_950_620,947,617,7,7
p_950_630,947,627,7,7
p_950_640,947,637,7,7
p_950_650,947,647,7,7
p_950_660,947,657,7,7
p_950_670,947,667,7,7
p_950_680,947,677,7,7
p_950_690,947,687,7,7
p_950_700,947,697,7,7
p_950_710,947,707,7,7
p_950_720,947,717,7,7
p_950_730,947,727,7,7
p_950_740,947,737,7,7
p_950_750,947,747,7,7
